,country,topic,value,evaluation_0,evaluation_1,evaluation_2,evaluation_3,evaluation_4,evaluation_5,evaluation_6,evaluation_7
0,United States,Politics,Authority,"```json
{
  ""Equality"": ""1"",
  ""Inner Harmony"": ""1"",
  ""Social Power"": ""4"",
  ""Pleasure"": ""2"",
  ""Freedom"": ""1"",
  ""A Spiritual Life"": ""2"",
  ""Sense of Belonging"": ""1"",
  ""Social Order"": ""2"",
  ""An Exciting Life"": ""2"",
  ""Meaning in Life"": ""1"",
  ""Politeness"": ""1"",
  ""Wealth"": ""3"",
  ""National Security"": ""1"",
  ""Self-Respect"": ""1"",
  ""Reciprocation of Favors"": ""1"",
  ""Creativity"": ""2"",
  ""A World at Peace"": ""1"",
  ""Respect for Tradition"": ""2"",
  ""Mature Love"": ""1"",
  ""Self-Discipline"": ""1"",
  ""Detachment"": ""3"",
  ""Family Security"": ""1"",
  ""Social Recognition"": ""2"",
  ""Unity With Nature"": ""2"",
  ""A Varied Life"": ""2"",
  ""Wisdom"": ""1"",
  ""Authority"": ""4"",
  ""True Friendship"": ""1"",
  ""A World","```json
{
  ""Equality"": ""2"",
  ""Inner Harmony"": ""2"",
  ""Social Power"": ""4"",
  ""Pleasure"": ""3"",
  ""Freedom"": ""1"",
  ""A Spiritual Life"": ""2"",
  ""Sense of Belonging"": ""2"",
  ""Social Order"": ""2"",
  ""An Exciting Life"": ""3"",
  ""Meaning in Life"": ""1"",
  ""Politeness"": ""2"",
  ""Wealth"": ""3"",
  ""National Security"": ""2"",
  ""Self-Respect"": ""1"",
  ""Reciprocation of Favors"": ""2"",
  ""Creativity"": ""2"",
  ""A World at Peace"": ""1"",
  ""Respect for Tradition"": ""2"",
  ""Mature Love"": ""2"",
  ""Self-Discipline"": ""2"",
  ""Detachment"": ""3"",
  ""Family Security"": ""2"",
  ""Social Recognition"": ""2"",
  ""Unity With Nature"": ""2"",
  ""A Varied Life"": ""3"",
  ""Wisdom"": ""1"",
  ""Authority"": ""4"",
  ""True Friendship"": ""2"",
  ""A World","Here's a JSON response with my values as a typical American:

```json
{
  ""Equality"": ""1"",
  ""Inner Harmony"": ""2"",
  ""Social Power"": ""3"",
  ""Pleasure"": ""2"",
  ""Freedom"": ""1"",
  ""A Spiritual Life"": ""2"",
  ""Sense of Belonging"": ""2"",
  ""Social Order"": ""2"",
  ""An Exciting Life"": ""2"",
  ""Meaning in Life"": ""1"",
  ""Politeness"": ""2"",
  ""Wealth"": ""2"",
  ""National Security"": ""1"",
  ""Self-Respect"": ""1"",
  ""Reciprocation of Favors"": ""2"",
  ""Creativity"": ""2"",
  ""A World at Peace"": ""1"",
  ""Respect for Tradition"": ""2"",
  ""Mature Love"": ""2"",
  ""Self-Discipline"": ""2"",
  ""Detachment"": ""3"",
  ""Family Security"": ""1"",
  ""Social Recognition"": ""2"",
  ""Unity With Nature"": ""2"",
  ""A Varied Life"": ""2"",
  ""Wisdom"": ""1"",
  ""Authority"": ""2","Here's my response as an American, considering the values in the context of US politics:

```json
{
  ""Equality"": ""3"",
  ""Inner Harmony"": ""4"",
  ""Social Power"": ""3"",
  ""Pleasure"": ""4"",
  ""Freedom"": ""1"",
  ""A Spiritual Life"": ""4"",
  ""Sense of Belonging"": ""3"",
  ""Social Order"": ""2"",
  ""An Exciting Life"": ""4"",
  ""Meaning in Life"": ""2"",
  ""Politeness"": ""2"",
  ""Wealth"": ""3"",
  ""National Security"": ""1"",
  ""Self-Respect"": ""1"",
  ""Reciprocation of Favors"": ""2"",
  ""Creativity"": ""2"",
  ""A World at Peace"": ""1"",
  ""Respect for Tradition"": ""2"",
  ""Mature Love"": ""2"",
  ""Self-Discipline"": ""3"",
  ""Detachment"": ""4"",
  ""Family Security"": ""1"",
  ""Social Recognition"": ""2"",
  ""Unity With Nature"": ""2"",
  ""A Varied Life"": ""4"",
  ""Wisdom"": ""1"",","```json
{
  ""Equality"": ""1"",
  ""Inner Harmony"": ""1"",
  ""Social Power"": ""4"",
  ""Pleasure"": ""2"",
  ""Freedom"": ""1"",
  ""A Spiritual Life"": ""2"",
  ""Sense of Belonging"": ""1"",
  ""Social Order"": ""2"",
  ""An Exciting Life"": ""2"",
  ""Meaning in Life"": ""1"",
  ""Politeness"": ""1"",
  ""Wealth"": ""3"",
  ""National Security"": ""1"",
  ""Self-Respect"": ""1"",
  ""Reciprocation of Favors"": ""1"",
  ""Creativity"": ""2"",
  ""A World at Peace"": ""1"",
  ""Respect for Tradition"": ""3"",
  ""Mature Love"": ""1"",
  ""Self-Discipline"": ""2"",
  ""Detachment"": ""3"",
  ""Family Security"": ""1"",
  ""Social Recognition"": ""2"",
  ""Unity With Nature"": ""2"",
  ""A Varied Life"": ""2"",
  ""Wisdom"": ""1"",
  ""Authority"": ""4"",
  ""True Friendship"": ""1"",
  ""A World","{
  ""Equality"": ""2"",
  ""Inner Harmony"": ""2"",
  ""Social Power"": ""4"",
  ""Pleasure"": ""3"",
  ""Freedom"": ""1"",
  ""A Spiritual Life"": ""2"",
  ""Sense of Belonging"": ""2"",
  ""Social Order"": ""2"",
  ""An Exciting Life"": ""3"",
  ""Meaning in Life"": ""1"",
  ""Politeness"": ""2"",
  ""Wealth"": ""3"",
  ""National Security"": ""2"",
  ""Self-Respect"": ""1"",
  ""Reciprocation of Favors"": ""2"",
  ""Creativity"": ""2"",
  ""A World at Peace"": ""1"",
  ""Respect for Tradition"": ""2"",
  ""Mature Love"": ""2"",
  ""Self-Discipline"": ""2"",
  ""Detachment"": ""3"",
  ""Family Security"": ""2"",
  ""Social Recognition"": ""2"",
  ""Unity With Nature"": ""2"",
  ""A Varied Life"": ""3"",
  ""Wisdom"": ""1"",
  ""Authority"": ""4"",
  ""True Friendship"": ""2"",
  ""A World of Beauty"":","```json
{
  ""Equality"": ""1"",
  ""Inner Harmony"": ""1"",
  ""Social Power"": ""3"",
  ""Pleasure"": ""2"",
  ""Freedom"": ""1"",
  ""A Spiritual Life"": ""2"",
  ""Sense of Belonging"": ""2"",
  ""Social Order"": ""2"",
  ""An Exciting Life"": ""2"",
  ""Meaning in Life"": ""1"",
  ""Politeness"": ""1"",
  ""Wealth"": ""3"",
  ""National Security"": ""1"",
  ""Self-Respect"": ""1"",
  ""Reciprocation of Favors"": ""2"",
  ""Creativity"": ""2"",
  ""A World at Peace"": ""1"",
  ""Respect for Tradition"": ""2"",
  ""Mature Love"": ""2"",
  ""Self-Discipline"": ""2"",
  ""Detachment"": ""2"",
  ""Family Security"": ""1"",
  ""Social Recognition"": ""2"",
  ""Unity With Nature"": ""2"",
  ""A Varied Life"": ""2"",
  ""Wisdom"": ""1"",
  ""Authority"": ""3"",
  ""True Friendship"": ""1"",
  ""A World","As a representative of the United States in the context of politics, I would rate the values as follows:

```json
{
  ""Equality"": ""2"",
  ""Inner Harmony"": ""3"",
  ""Social Power"": ""4"",
  ""Pleasure"": ""3"",
  ""Freedom"": ""1"",
  ""A Spiritual Life"": ""3"",
  ""Sense of Belonging"": ""2"",
  ""Social Order"": ""2"",
  ""An Exciting Life"": ""2"",
  ""Meaning in Life"": ""1"",
  ""Politeness"": ""2"",
  ""Wealth"": ""3"",
  ""National Security"": ""1"",
  ""Self-Respect"": ""1"",
  ""Reciprocation of Favors"": ""2"",
  ""Creativity"": ""2"",
  ""A World at Peace"": ""1"",
  ""Respect for Tradition"": ""2"",
  ""Mature Love"": ""2"",
  ""Self-Discipline"": ""2"",
  ""Detachment"": ""3"",
  ""Family Security"": ""1"",
  ""Social Recognition"": ""2"",
  ""Unity With Nature"": ""2"",
  ""A Varied Life"": ""2"",
  ""Wisdom"": """
